link_to_thread,name_of_thread,views,replies,last_post_time,last_post_date
http://www.f150ecoboost.net/forum/42-2015-ford-f150-ecoboost-chat/9209-2015-f150-platinum-2-leveling-kit-3-rear-block-35-tires.html,"2015 F150 Platinum with 2"" Leveling Kit, 3"" Rear Block, and 35"" Tires",1020200206020,4030,07:08PM,10-26-2016
http://www.f150ecoboost.net/forum/42-2015-ford-f150-ecoboost-chat/15626-what-did-you-do-your-truck-today.html,What did you do to your truck today?,50400506080,100002040,03:20PM,01-21-2017
http://www.f150ecoboost.net/forum/42-2015-ford-f150-ecoboost-chat/4255-cabin-filter.html,cabin filter?,40900009000,2000,01:28PM,05-11-2014
http://www.f150ecoboost.net/forum/42-2015-ford-f150-ecoboost-chat/2908-official-2015-ford-f150-interior-photos.html,Official 2015 Ford F150 Interior Photos,40500206060,3020,08:35PM,01-24-2014
http://www.f150ecoboost.net/forum/42-2015-ford-f150-ecoboost-chat/10764-tow-mirrors.html,Tow mirrors????,30700606090,4080,08:37AM,06-29-2016
http://www.f150ecoboost.net/forum/42-2015-ford-f150-ecoboost-chat/11403-platinum-seat-cooling-issue.html,Platinum Seat Cooling Issue,20600006070,101070,08:57AM,02-04-2016
http://www.f150ecoboost.net/forum/42-2015-ford-f150-ecoboost-chat/10283-speaker-sizes-upgraded-sony-stereo.html,"Speaker sizes on ""upgraded"" Sony stereo",20500300040,4030,09:21PM,12-18-2015
http://www.f150ecoboost.net/forum/42-2015-ford-f150-ecoboost-chat/13136-stop-start-disable.html,Stop/Start Disable,20400709000,2060,01:08AM,03-28-2016
http://www.f150ecoboost.net/forum/42-2015-ford-f150-ecoboost-chat/2909-2015-ford-f150-trim-options.html,2015 Ford F150 Trim Options,20400102050,1080,"Pirate05-14-2014,",Rive
http://www.f150ecoboost.net/forum/42-2015-ford-f150-ecoboost-chat/5025-2015-raptor-has-been-spied.html,2015 raptor has been spied,20200208090,7070,10:22PM,05-08-2014
http://www.f150ecoboost.net/forum/42-2015-ford-f150-ecoboost-chat/13380-2015-help-front-end-noise.html,2015 help with front end noise,20200200090,6060,06:51AM,01-22-17
http://www.f150ecoboost.net/forum/42-2015-ford-f150-ecoboost-chat/4655-lariat-vs-fx4.html,Lariat vs.  FX4,20100107020,4080,08:11AM,05-11-2014
http://www.f150ecoboost.net/forum/42-2015-ford-f150-ecoboost-chat/10260-led-headlight-swap-w-free-harness.html,LED Headlight Swap w/ free Harness,20000009060,3020,09:49PM,05-04-2016
http://www.f150ecoboost.net/forum/42-2015-ford-f150-ecoboost-chat/9993-my-new-lariat.html,My New Lariat,10900002080,4000,07:30AM,12-22-2015
http://www.f150ecoboost.net/forum/42-2015-ford-f150-ecoboost-chat/14955-let-me-see-those-leveled-trucks-oem-rims.html,Let me see those leveled trucks on OEM rims!,10800807000,5090,07:40PM,12-31-2016
http://www.f150ecoboost.net/forum/42-2015-ford-f150-ecoboost-chat/6543-who-ordered-one.html,Who ordered one,10700808020,102060,06:47AM,03-12-2015
http://www.f150ecoboost.net/forum/42-2015-ford-f150-ecoboost-chat/11068-test-drive-2015-5-0-vs-2015-3-5-ecoboost.html,Test Drive - 2015 5.0 vs 2015 3.5 Ecoboost,10700307010,4010,08:45AM,12-03-2015
http://www.f150ecoboost.net/forum/42-2015-ford-f150-ecoboost-chat/3428-x-plan-pricing-2015-ford-f-150-a.html,X-Plan Pricing on a 2015 Ford F-150,10700000060,2010,04:53PM,03-05-2014
http://www.f150ecoboost.net/forum/42-2015-ford-f150-ecoboost-chat/9654-effects-leveling-kit.html,Effects of a Leveling Kit,10600300090,4030,10:25PM,11-30-2015
http://www.f150ecoboost.net/forum/42-2015-ford-f150-ecoboost-chat/11039-sport-mode.html,Sport mode,10500408040,7060,02:53PM,12-15-2016
http://www.f150ecoboost.net/forum/42-2015-ford-f150-ecoboost-chat/15370-2015-3-5-silencer-rings.html,2015+ 3.5 Silencer rings.,10400808050,8040,09:59PM,07-28-2016
http://www.f150ecoboost.net/forum/42-2015-ford-f150-ecoboost-chat/8187-photos-2015-f150-sema-2014-a.html,Photos of the 2015 F150 from SEMA 2014,10200708040,2000,01:12AM,11-07-2014
http://www.f150ecoboost.net/forum/42-2015-ford-f150-ecoboost-chat/13324-2015-disappointments-suggestions.html,2015 disappointments and suggestions,10200703080,9040,08:55PM,02-19-2016
http://www.f150ecoboost.net/forum/42-2015-ford-f150-ecoboost-chat/11567-homelink-programming-won-t-work.html,Homelink programming won't work,10200702060,3050,06:04AM,07-11-2015
http://www.f150ecoboost.net/forum/42-2015-ford-f150-ecoboost-chat/13365-best-led-replacement-2015-f150-holegen-headlights.html,BEST LED REPLACEMENT FOR 2015 F150 Holegen headlights,10200405040,2070,08:23PM,12-01-2015
http://www.f150ecoboost.net/forum/42-2015-ford-f150-ecoboost-chat/12451-free-mods-must-do-s.html,free mods? and must do's?,10200002040,5060,05:13PM,09-03-2015
http://www.f150ecoboost.net/forum/42-2015-ford-f150-ecoboost-chat/14148-anybody-here-put-tune-2-7-eco-yet.html,Anybody here put a tune on the 2.7 Eco yet?,10000705030,2070,09:47AM,12-10-2015
http://www.f150ecoboost.net/forum/42-2015-ford-f150-ecoboost-chat/4929-2015-f150-order-date.html,2015 F150 Order Date,10000609020,5030,10:18AM,07-28-2014
http://www.f150ecoboost.net/forum/42-2015-ford-f150-ecoboost-chat/13232-my-15-just-leveled-had-35s-put.html,My 15 just leveled and had 35s put on,10000405030,2040,06:30PM,09-24-2015
http://www.f150ecoboost.net/forum/42-2015-ford-f150-ecoboost-chat/1652-2015-f150-order-date.html,2015 F150 Order Date,900608010,1030,09:42AM,12-06-2013
http://www.f150ecoboost.net/forum/42-2015-ford-f150-ecoboost-chat/9470-first-mod-15-platinum.html,First mod to the 15 Platinum,900309000,3020,01:31PM,02-28-2015
http://www.f150ecoboost.net/forum/42-2015-ford-f150-ecoboost-chat/4045-5-0-ecoboost-coyote-engine-codename-voodoo.html,5.0 Ecoboost Coyote engine?  Codename Voodoo.,800807040,2020,12:09PM,08-24-2014
http://www.f150ecoboost.net/forum/42-2015-ford-f150-ecoboost-chat/13863-boost-gauge.html,Boost gauge?,800805030,4070,04:27PM,06-21-2016
http://www.f150ecoboost.net/forum/42-2015-ford-f150-ecoboost-chat/7644-2015-ford-f-150-5-0l-vs-2-7l-vs-3-5l-ecoboost-vs-chevy-silverado-vs-ram-hemi.html,2015 Ford F-150 5.0L vs 2.7L vs 3.5L EcoBoost vs Chevy Silverado vs Ram HEMI,800802020,2070,09:37PM,10-07-2014
http://www.f150ecoboost.net/forum/42-2015-ford-f150-ecoboost-chat/14229-rough-country-leveling-kit.html,Rough country leveling kit,800801010,1020,09:06AM,12-28-2015
http://www.f150ecoboost.net/forum/42-2015-ford-f150-ecoboost-chat/12363-boosting-turbo-whistle-15-3-5-eco-boost.html,Boosting turbo whistle 15' 3.5 eco boost,800701000,2070,08:11AM,05-17-2016
http://www.f150ecoboost.net/forum/42-2015-ford-f150-ecoboost-chat/13280-chrome-black-rims-2014-f150-ruby-red-metallic.html,Chrome or black rims on a 2014 f150 ruby red metallic,800403000,3000,02:04PM,03-31-2016
http://www.f150ecoboost.net/forum/42-2015-ford-f150-ecoboost-chat/13203-can-t-decide-2-7-3-5-2015-a.html,Can't decide. 2.7 or 3.5 2015,800303000,4090,09:03AM,03-20-2016
http://www.f150ecoboost.net/forum/42-2015-ford-f150-ecoboost-chat/12939-do-you-notice-fake-engine-noise-your-2015-a.html,"Do you notice the ""Fake"" engine noise in your 2015?",800207010,2080,10:30AM,09-30-2015
http://www.f150ecoboost.net/forum/42-2015-ford-f150-ecoboost-chat/12904-2015-auto-start-stop-questions.html,2015 Auto Start/Stop Questions,800207000,5000,02:24PM,01-18-2016
http://www.f150ecoboost.net/forum/42-2015-ford-f150-ecoboost-chat/11040-transmission-mount-driveline-pictures.html,Transmission mount/driveline pictures,800108080,4050,05:58AM,09-20-2015
http://www.f150ecoboost.net/forum/42-2015-ford-f150-ecoboost-chat/13646-2015-lariat-35-inch-tires-2-ready-lift-kit.html,"2015 Lariat 35 inch tires, 2""ready lift kit",800003090,1090,11:17PM,07-30-2016
http://www.f150ecoboost.net/forum/42-2015-ford-f150-ecoboost-chat/9047-hmmm-not-sure-i-like-all.html,Hmmm.  Not sure I like it at all,700806000,6000,09:41AM,01-10-2015
http://www.f150ecoboost.net/forum/42-2015-ford-f150-ecoboost-chat/7851-test-drove-one-tonight-y-all-gonna-love.html,Test drove one tonight.  Y'all are gonna love it.,700401080,4070,08:44PM,11-22-2014
http://www.f150ecoboost.net/forum/42-2015-ford-f150-ecoboost-chat/15899-i-still-don-t-get-catch-cans.html,I still don't get catch cans,700303060,7060,11:08AM,04-01-2016
http://www.f150ecoboost.net/forum/42-2015-ford-f150-ecoboost-chat/12784-2015-problems.html,2015 Problems,700300080,3040,11:24PM,09-26-2016
http://www.f150ecoboost.net/forum/42-2015-ford-f150-ecoboost-chat/11003-2015-lariat-sport-love-my-new-ride.html,2015 Lariat Sport...In Love with my new ride.,700208090,3060,09:32AM,08-30-2015
http://www.f150ecoboost.net/forum/42-2015-ford-f150-ecoboost-chat/4998-boost-control.html,Boost control,700205020,1040,06:38PM,05-07-2014
http://www.f150ecoboost.net/forum/42-2015-ford-f150-ecoboost-chat/9674-2015-w-mft-2016-w-sync-3-a.html,2015 w/ MFT or 2016 w/ Sync 3,700108080,2040,11:05AM,02-11-2015
http://www.f150ecoboost.net/forum/42-2015-ford-f150-ecoboost-chat/16964-highest-mileage-15-ecoboost.html,Highest Mileage '15 Ecoboost,700003060,3060,05:59PM,08-26-2016
http://www.f150ecoboost.net/forum/42-2015-ford-f150-ecoboost-chat/3058-2015-ford-f-150-work-cost-more-body-shop-says-automotive-service-assn.html,2015 Ford F-150 work to cost more at body shop says Automotive Service Assn.,600907090,30,01:52AM,01-23-2014
http://www.f150ecoboost.net/forum/42-2015-ford-f150-ecoboost-chat/9247-my-truck-finally-came-thursday.html,My Truck Finally came in Thursday,600902020,6070,11:30AM,01-21-2015
http://www.f150ecoboost.net/forum/42-2015-ford-f150-ecoboost-chat/13901-disable-vehicle-horn-exit-while-running.html,Disable vehicle horn exit while running,600609020,1060,09:14AM,11-03-2015
http://www.f150ecoboost.net/forum/42-2015-ford-f150-ecoboost-chat/3557-monitoring-engine-data-ones-do-you-look.html,Monitoring Engine Data - Which Ones do you Look At?,600600020,3030,12:13AM,02-03-2015
http://www.f150ecoboost.net/forum/42-2015-ford-f150-ecoboost-chat/15663-2015-platinum-premature-rust.html,2015 Platinum premature rust.,600504020,5060,02:57PM,04-12-2016
http://www.f150ecoboost.net/forum/42-2015-ford-f150-ecoboost-chat/15556-write-up-how-install-2015-16-catch-can.html,WRITE UP! How to install 2015-16 CATCH CAN,600402000,3000,09:49PM,12-22-2016
http://www.f150ecoboost.net/forum/42-2015-ford-f150-ecoboost-chat/14378-how-disable-auto-start-stop.html,How to: Disable auto start-stop,600304040,1090,"06-19-2016,06:26",whoos
http://www.f150ecoboost.net/forum/42-2015-ford-f150-ecoboost-chat/6531-active-grille-shutters-block-intercooler.html,"Active Grille Shutters, block Intercooler?",600200050,90,11:11PM,07-21-2015
http://www.f150ecoboost.net/forum/42-2015-ford-f150-ecoboost-chat/11834-folding-tonneau-covers.html,Folding Tonneau Covers,600007070,1080,05:40PM,07-03-2015
http://www.f150ecoboost.net/forum/42-2015-ford-f150-ecoboost-chat/9852-2015-f150-lift-kits-available-stage-3-a.html,2015 F150 Lift Kits Available at Stage 3!,500809070,1000,04:04PM,02-13-2015
http://www.f150ecoboost.net/forum/42-2015-ford-f150-ecoboost-chat/10618-my15-f-150-supercab-sport-4x4-2-7-eco-build.html,MY15 F-150 Supercab Sport 4x4 2.7 Eco build,500805080,1050,07:43PM,04-23-2015
http://www.f150ecoboost.net/forum/42-2015-ford-f150-ecoboost-chat/11864-few-little-issues-2015-f150.html,A few little issues with 2015 F150,500709080,3080,11:46AM,06-23-2015
http://www.f150ecoboost.net/forum/42-2015-ford-f150-ecoboost-chat/13253-bed-liners-aluminum-f150.html,Bed Liners for the Aluminum F150,500707090,1040,11:00PM,09-20-2015
http://www.f150ecoboost.net/forum/42-2015-ford-f150-ecoboost-chat/12231-front-license-plate-position.html,Front License Plate Position,500701030,1010,10:59AM,07-07-2015
http://www.f150ecoboost.net/forum/42-2015-ford-f150-ecoboost-chat/11911-i-know-has-probably-been-asked-but.html,I know this has probably been asked but.,500505030,4020,10:35AM,09-26-2015
http://www.f150ecoboost.net/forum/42-2015-ford-f150-ecoboost-chat/2918-do-you-like-look-new-2015-f150-poll.html,Do you like the look of new 2015 F150? [poll],500505010,3070,08:09PM,01-28-2014
http://www.f150ecoboost.net/forum/42-2015-ford-f150-ecoboost-chat/5828-2015-word-street.html,2015 Word on the street,500406040,4040,06:59PM,07-28-2014
http://www.f150ecoboost.net/forum/42-2015-ford-f150-ecoboost-chat/10020-need-help-deciding-tire-size-please.html,"Need help deciding tire size, PLEASE!",500405070,3040,12:52AM,02-23-2015
http://www.f150ecoboost.net/forum/42-2015-ford-f150-ecoboost-chat/7283-dumbo-dealer-put-white-sticker-my-blk-truck.html,dumbo dealer PUT white STICKER ON MY  bLK TRUCK !!!!!,500306050,5080,09:12AM,11-26-2014
http://www.f150ecoboost.net/forum/42-2015-ford-f150-ecoboost-chat/12578-break-service-oil-report-get-factory-fill-oil-out.html,Break in service Oil Report -  Get that factory fill oil out!,500201010,2030,08:19PM,08-15-2015
http://www.f150ecoboost.net/forum/42-2015-ford-f150-ecoboost-chat/7106-mpg-2015-3-5-ecoboost.html,Mpg of 2015 3.5 ecoboost??,500105090,1080,"09-03-2014,08:43",
http://www.f150ecoboost.net/forum/42-2015-ford-f150-ecoboost-chat/11514-want-bleed-truck-all-available-gas-milage-help.html,Want to bleed this truck of all available gas milage. Help.,500102030,5010,06:20PM,06-10-2015
http://www.f150ecoboost.net/forum/42-2015-ford-f150-ecoboost-chat/11105-2015-trucks-led-headlights.html,2015 Trucks with LED Headlights,500101010,2040,"07-11-2015,08:21",Sheeha
http://www.f150ecoboost.net/forum/42-2015-ford-f150-ecoboost-chat/9661-2-7-test-drive.html,2.7 test drive,500100070,2070,09:38AM,02-16-2015
http://www.f150ecoboost.net/forum/42-2015-ford-f150-ecoboost-chat/7785-truck-bed-ladder-type-vs-roof-rack-kayak-transport.html,Truck Bed (Ladder type) vs Roof Rack for Kayak Transport,500100000,70,01:51AM,12-17-2014
http://www.f150ecoboost.net/forum/42-2015-ford-f150-ecoboost-chat/9385-2015-f150-3-5-ecoboost-towing-mpg.html,2015 F150 3.5 Ecoboost Towing MPG,400907070,1060,11:29PM,06-19-2016
http://www.f150ecoboost.net/forum/42-2015-ford-f150-ecoboost-chat/4948-15-supercrew-ecoboost-w-tune-speculation-1-4-mile.html,15' supercrew ecoboost w/ tune speculation 1/4 mile,400904010,40,10:55AM,08-28-2014
http://www.f150ecoboost.net/forum/42-2015-ford-f150-ecoboost-chat/13531-first-oil-change-dealer-puts-5w-20-a.html,First oil change and the dealer puts 5w-20 in?,400902070,3010,09:42AM,11-27-2015
http://www.f150ecoboost.net/forum/42-2015-ford-f150-ecoboost-chat/12151-disconnect-active-shutters.html,disconnect active shutters?,400803000,1060,10:32AM,12-19-2015
http://www.f150ecoboost.net/forum/42-2015-ford-f150-ecoboost-chat/13316-livernois-2015-truck-tech-morning.html,LIVERNOIS 2015 on truck tech this morning.,400702070,1060,01:31PM,10-24-2016
http://www.f150ecoboost.net/forum/42-2015-ford-f150-ecoboost-chat/9960-led-conversion-kit.html,LED Conversion Kit?,400603030,3020,08:54PM,03-04-2015
http://www.f150ecoboost.net/forum/42-2015-ford-f150-ecoboost-chat/5171-2014-vs-2015-f150.html,2014 vs 2015 F150,400603020,1020,12:20PM,05-29-2014
http://www.f150ecoboost.net/forum/42-2015-ford-f150-ecoboost-chat/8882-drove-2015-today.html,Drove a 2015 today!,400504030,2030,09:01PM,03-05-2015
http://www.f150ecoboost.net/forum/42-2015-ford-f150-ecoboost-chat/10110-2015-cabin-air-filter.html,2015 Cabin Air Filter,400501000,50,01:27PM,02-28-2015
http://www.f150ecoboost.net/forum/42-2015-ford-f150-ecoboost-chat/11389-driver-fatigue-alert.html,Driver fatigue alert,400500050,2050,04:28PM,06-18-2015
http://www.f150ecoboost.net/forum/42-2015-ford-f150-ecoboost-chat/11553-600whp-daily-driver-thoughts.html,600whp and a daily driver...thoughts,400400090,3010,08:25PM,07-15-2015
http://www.f150ecoboost.net/forum/42-2015-ford-f150-ecoboost-chat/2919-do-you-plan-buying-new-f150.html,Do you plan on buying the new F150?,400307020,1080,09:42PM,03-21-2014
http://www.f150ecoboost.net/forum/42-2015-ford-f150-ecoboost-chat/6967-lowering-ecoboost-who-has-done-shop-did.html,"Lowering EcoBoost/ Who has done it,and Which shop did it..",400305030,2030,09:45AM,01-16-2016
http://www.f150ecoboost.net/forum/42-2015-ford-f150-ecoboost-chat/17039-hate-say-but-more-issues.html,"Hate to say it, but more issues",400209090,6010,10:29AM,06-07-2016
http://www.f150ecoboost.net/forum/42-2015-ford-f150-ecoboost-chat/12299-2013-kr-ecoboost-traded-2015-kr-ecoboost.html,2013 KR ecoboost traded for 2015 KR ecoboost...,400204050,3030,08:01AM,11-30-2015
http://www.f150ecoboost.net/forum/42-2015-ford-f150-ecoboost-chat/10592-i-m-stuck-what-one-do-you-prefer.html,I'm stuck.... What one do you prefer?,400204050,3070,05:02PM,06-10-2015
http://www.f150ecoboost.net/forum/42-2015-ford-f150-ecoboost-chat/8948-2015-f150-ecoboost-road.html,2015 F150 Ecoboost On The Road,400108070,1010,08:52AM,12-31-2014
http://www.f150ecoboost.net/forum/42-2015-ford-f150-ecoboost-chat/13744-s-not-even-week-old-how-could-you-haha.html,It's not even a week old!! How could you?! haha,400108010,3010,06:54PM,03-10-2016
http://www.f150ecoboost.net/forum/42-2015-ford-f150-ecoboost-chat/9865-just-picked-up-my-new-king-ranch.html,Just picked up my new king ranch,400105070,3020,"02-22-2015,09:27",9
http://www.f150ecoboost.net/forum/42-2015-ford-f150-ecoboost-chat/14863-new-2016-3-5-catch-can-drill-hole-do-nothing.html,"New 2016 3.5, catch can, drill hole or do nothing?",400105000,2000,07:12PM,02-20-2016
http://www.f150ecoboost.net/forum/42-2015-ford-f150-ecoboost-chat/12699-2015-platinum-retrofitted-headlights.html,2015 platinum with retrofitted headlights,400104040,1080,09:09PM,08-30-2015
http://www.f150ecoboost.net/forum/42-2015-ford-f150-ecoboost-chat/9165-bought-2015-f150-xlt-new-years-eve.html,Bought a 2015 F150 XLT on New Years Eve,400103080,2000,07:23PM,03-20-2015
http://www.f150ecoboost.net/forum/42-2015-ford-f150-ecoboost-chat/9377-2015-s-already-used-market.html,2015's already in used market,400101000,3050,05:35PM,01-20-2015
http://www.f150ecoboost.net/forum/42-2015-ford-f150-ecoboost-chat/8493-test-drove-today-pics.html,"Test Drove Today, pics!!!",400009050,3000,10:11PM,12-06-2014
http://www.f150ecoboost.net/forum/42-2015-ford-f150-ecoboost-chat/15000-have-you-regeared-your-eco.html,Have you regeared your Eco?,400002050,3030,08:02PM,02-19-2016
